[
  {
    "file": "codepack_full_20250906-003202_part01.txt",
    "lines": 54065,
    "suggested_parts": 84
  },
  {
    "file": "codepack_full_20250906-003202_part02.txt",
    "lines": 1613,
    "suggested_parts": 3
  },
  {
    "file": "codepack_full_20250907-170031_part01.txt",
    "lines": 54101,
    "suggested_parts": 84
  },
  {
    "file": "codepack_full_20250907-170031_part02.txt",
    "lines": 54068,
    "suggested_parts": 84
  },
  {
    "file": "codepack_full_20250907-170031_part03.txt",
    "lines": 29689,
    "suggested_parts": 46
  },
  {
    "file": "codepack_full_20250907-175234_part01.txt",
    "lines": 54101,
    "suggested_parts": 84
  },
  {
    "file": "codepack_full_20250907-175234_part02.txt",
    "lines": 1619,
    "suggested_parts": 3
  },
  {
    "file": "codepack_full_20250907-175234_part03.txt",
    "lines": 54109,
    "suggested_parts": 84
  },
  {
    "file": "codepack_full_20250907-205113_part01.txt",
    "lines": 54101,
    "suggested_parts": 84
  },
  {
    "file": "codepack_full_20250907-205113_part02.txt",
    "lines": 1619,
    "suggested_parts": 3
  },
  {
    "file": "codepack_full_20250907-205113_part03.txt",
    "lines": 54109,
    "suggested_parts": 84
  },
  {
    "file": "codepack_full_part01.bat",
    "lines": 42691,
    "suggested_parts": 66
  },
  {
    "file": "codepack_v2.exe",
    "lines": 51824,
    "suggested_parts": 80
  },
  {
    "file": "var/bootreport.20250908-181738.json.bak",
    "lines": 1777,
    "suggested_parts": 3
  },
  {
    "file": "var/bootreport.20250908-201730.json.bak",
    "lines": 1777,
    "suggested_parts": 3
  },
  {
    "file": "var/bootreport.20250908-211045.json.bak",
    "lines": 1777,
    "suggested_parts": 3
  },
  {
    "file": "var/bootreport.20250908-211046.json.bak",
    "lines": 1777,
    "suggested_parts": 3
  },
  {
    "file": "var/bootreport.20250908-211102.json.bak",
    "lines": 1777,
    "suggested_parts": 3
  },
  {
    "file": "var/bootreport.20250908-211132.json.bak",
    "lines": 1777,
    "suggested_parts": 3
  },
  {
    "file": "var/bootreport.20250908-211142.json.bak",
    "lines": 1777,
    "suggested_parts": 3
  },
  {
    "file": "var/bootreport.20250908-211143.json.bak",
    "lines": 1777,
    "suggested_parts": 3
  },
  {
    "file": "var/bootreport.20250908-211159.json.bak",
    "lines": 1777,
    "suggested_parts": 3
  },
  {
    "file": "var/bootreport.20250909-090656.json.bak",
    "lines": 1777,
    "suggested_parts": 3
  },
  {
    "file": "var/bootreport.20250910-090001.json.bak",
    "lines": 1777,
    "suggested_parts": 3
  },
  {
    "file": "var/bootreport.20250912-095145.json.bak",
    "lines": 1777,
    "suggested_parts": 3
  },
  {
    "file": "var/bootreport.20250913-090002.json.bak",
    "lines": 1777,
    "suggested_parts": 3
  },
  {
    "file": "var/bootreport.20250914-090002.json.bak",
    "lines": 1777,
    "suggested_parts": 3
  },
  {
    "file": "var/bootreport.20250915-102206.json.bak",
    "lines": 1777,
    "suggested_parts": 3
  },
  {
    "file": "var/bootreport.20250916-090002.json.bak",
    "lines": 1777,
    "suggested_parts": 3
  },
  {
    "file": "var/bootreport.20250922-093435.json.bak",
    "lines": 1777,
    "suggested_parts": 3
  },
  {
    "file": "var/bootreport.20250923-090003.json.bak",
    "lines": 1777,
    "suggested_parts": 3
  },
  {
    "file": "var/bootreport.20250924-090003.json.bak",
    "lines": 1777,
    "suggested_parts": 3
  },
  {
    "file": "var/bootreport.20250924-195830.json.bak",
    "lines": 1777,
    "suggested_parts": 3
  },
  {
    "file": "var/bootreport.json",
    "lines": 1779,
    "suggested_parts": 3
  }
]